data,Ano,Mes,ABCR_total
1999-01-01,1999,1,112.44288039362695
1999-02-01,1999,2,95.99637223421563
1999-03-01,1999,3,98.65158581078703
1999-04-01,1999,4,97.41705089513219
1999-05-01,1999,5,97.48264491230827
1999-06-01,1999,6,92.99956737033287
1999-07-01,1999,7,101.84970617586902
1999-08-01,1999,8,96.92536642907055
1999-09-01,1999,9,96.03071054387674
1999-10-01,1999,10,101.03177826983674
1999-11-01,1999,11,97.2090480518398
1999-12-01,1999,12,111.96328891310434
2000-01-01,2000,1,110.84307031333492
2000-02-01,2000,2,94.6360076167671
2000-03-01,2000,3,102.06423775039491
2000-04-01,2000,4,99.52368949765753
2000-05-01,2000,5,95.15673920434233
2000-06-01,2000,6,93.74449222991917
2000-07-01,2000,7,99.1206791380548
2000-08-01,2000,8,92.89800857391852
2000-09-01,2000,9,92.96632218218944
2000-10-01,2000,10,97.981004308541
2000-11-01,2000,11,95.52474544845715
2000-12-01,2000,12,110.28328737024809
2001-01-01,2001,1,112.82393862377495
2001-02-01,2001,2,95.83552042475279
2001-03-01,2001,3,98.25145638562097
2001-04-01,2001,4,98.7944653630622
2001-05-01,2001,5,95.16375032793447
2001-06-01,2001,6,93.51363629123094
2001-07-01,2001,7,101.15574552093412
2001-08-01,2001,8,97.15568921612656
2001-09-01,2001,9,94.6655678983508
2001-10-01,2001,10,99.69512626081438
2001-11-01,2001,11,98.73777868431401
2001-12-01,2001,12,107.7532227567624
2002-01-01,2002,1,110.21723995756591
2002-02-01,2002,2,94.74197636997935
2002-03-01,2002,3,103.94455792101458
2002-04-01,2002,4,95.92225787792025
2002-05-01,2002,5,98.99152396956625
2002-06-01,2002,6,91.44681803073146
2002-07-01,2002,7,103.39687644018368
2002-08-01,2002,8,101.06563350052689
2002-09-01,2002,9,97.49175318750257
2002-10-01,2002,10,103.32433827088188
2002-11-01,2002,11,101.45021570754685
2002-12-01,2002,12,110.7712661040205
2003-01-01,2003,1,107.87153285047386
2003-02-01,2003,2,93.15101329418405
2003-03-01,2003,3,97.65483163311333
2003-04-01,2003,4,97.36491251166714
2003-05-01,2003,5,96.66619448212921
2003-06-01,2003,6,93.2983228315148
2003-07-01,2003,7,100.38801110857453
2003-08-01,2003,8,96.14638701523232
2003-09-01,2003,9,94.90777302173447
2003-10-01,2003,10,101.4135107899475
2003-11-01,2003,11,97.92111398300425
2003-12-01,2003,12,112.88899009585252
2004-01-01,2004,1,109.07780673153962
2004-02-01,2004,2,97.63385788759209
2004-03-01,2004,3,99.2550928096299
2004-04-01,2004,4,100.49468572177405
2004-05-01,2004,5,98.95627448380822
2004-06-01,2004,6,96.1067630473881
2004-07-01,2004,7,106.03499578671925
2004-08-01,2004,8,102.12756817011758
2004-09-01,2004,9,102.49975756751549
2004-10-01,2004,10,105.13739744174038
2004-11-01,2004,11,102.55063015386612
2004-12-01,2004,12,116.72274909428029
2005-01-01,2005,1,113.2430563271291
2005-02-01,2005,2,98.93399984946521
2005-03-01,2005,3,107.08067747039975
2005-04-01,2005,4,101.27124360192718
2005-05-01,2005,5,103.74889244494373
2005-06-01,2005,6,99.64234954684945
2005-07-01,2005,7,109.41998827407511
2005-08-01,2005,8,105.48496630109729
2005-09-01,2005,9,100.82291014487024
2005-10-01,2005,10,103.93176080959634
2005-11-01,2005,11,104.18246764083707
2005-12-01,2005,12,118.62098966473862
2006-01-01,2006,1,117.4843818552916
2006-02-01,2006,2,100.13097017271748
2006-03-01,2006,3,105.8320322692964
2006-04-01,2006,4,104.44961384981887
2006-05-01,2006,5,102.69914285613673
2006-06-01,2006,6,97.7454980070213
2006-07-01,2006,7,109.58752602126027
2006-08-01,2006,8,106.09892783184122
2006-09-01,2006,9,105.38764939805813
2006-10-01,2006,10,108.57587249596965
2006-11-01,2006,11,108.60817365282294
2006-12-01,2006,12,123.27687282634083
2007-01-01,2007,1,120.23246057523718
2007-02-01,2007,2,105.37274747745174
2007-03-01,2007,3,110.95841221718426
2007-04-01,2007,4,108.86953278955068
2007-05-01,2007,5,107.98236245765322
2007-06-01,2007,6,106.38601159383802
2007-07-01,2007,7,115.47376636701144
2007-08-01,2007,8,113.61182884778513
2007-09-01,2007,9,114.94719745714596
2007-10-01,2007,10,119.06500051252343
2007-11-01,2007,11,115.94008260510662
2007-12-01,2007,12,128.99104196612046
2008-01-01,2008,1,127.79833038090455
2008-02-01,2008,2,113.43747386218035
2008-03-01,2008,3,120.03561881944444
2008-04-01,2008,4,115.62724466319037
2008-05-01,2008,5,119.86014569901306
2008-06-01,2008,6,114.00773970174393
2008-07-01,2008,7,126.60156055025965
2008-08-01,2008,8,119.78428472290622
2008-09-01,2008,9,118.10947167146905
2008-10-01,2008,10,122.53721700502638
2008-11-01,2008,11,119.40525841281416
2008-12-01,2008,12,133.69997664943963
2009-01-01,2009,1,127.57427511087415
2009-02-01,2009,2,113.92373648689473
2009-03-01,2009,3,118.04577752732908
2009-04-01,2009,4,120.48904954263526
2009-05-01,2009,5,120.43262488047121
2009-06-01,2009,6,115.34409559556532
2009-07-01,2009,7,124.99143229185889
2009-08-01,2009,8,121.65647630591923
2009-09-01,2009,9,122.61419623380877
2009-10-01,2009,10,131.04310411820356
2009-11-01,2009,11,125.35582679945745
2009-12-01,2009,12,141.7542521540544
2010-01-01,2010,1,135.0262504589585
2010-02-01,2010,2,120.31833504037618
2010-03-01,2010,3,128.0100732573078
2010-04-01,2010,4,126.84312495629565
2010-05-01,2010,5,129.97394561256507
2010-06-01,2010,6,123.7484674868147
2010-07-01,2010,7,136.22994674905647
2010-08-01,2010,8,134.0728871747239
2010-09-01,2010,9,134.0147911164733
2010-10-01,2010,10,138.6444077699133
2010-11-01,2010,11,136.7549974580387
2010-12-01,2010,12,153.80945163893665
2011-01-01,2011,1,148.9983113574765
2011-02-01,2011,2,128.0041536741335
2011-03-01,2011,3,139.92657709113067
2011-04-01,2011,4,139.42522985139246
2011-05-01,2011,5,136.97078809653323
2011-06-01,2011,6,135.18796011090743
2011-07-01,2011,7,144.8216636481721
2011-08-01,2011,8,140.7504964526996
2011-09-01,2011,9,138.98164559868772
2011-10-01,2011,10,143.7299876227208
2011-11-01,2011,11,142.1515931767174
2011-12-01,2011,12,158.3675991849872
2012-01-01,2012,1,154.53241652685884
2012-02-01,2012,2,140.97396587431643
2012-03-01,2012,3,144.74737351247734
2012-04-01,2012,4,142.7306547962743
2012-05-01,2012,5,141.88582517434355
2012-06-01,2012,6,137.83698516025447
2012-07-01,2012,7,150.51366736660384
2012-08-01,2012,8,148.31064727880113
2012-09-01,2012,9,147.8028803075255
2012-10-01,2012,10,151.96393042125501
2012-11-01,2012,11,150.96143631298295
2012-12-01,2012,12,163.4047430324642
2013-01-01,2013,1,161.94495167995413
2013-02-01,2013,2,138.68021006332552
2013-03-01,2013,3,151.65040766458148
2013-04-01,2013,4,144.62775609713825
2013-05-01,2013,5,150.0850263230353
2013-06-01,2013,6,143.06222632695528
2013-07-01,2013,7,157.6601534710324
2013-08-01,2013,8,155.44140541829873
2013-09-01,2013,9,152.39803872571952
2013-10-01,2013,10,159.32510718215252
2013-11-01,2013,11,158.58346446820477
2013-12-01,2013,12,169.6097899978767
2014-01-01,2014,1,170.61763739906385
2014-02-01,2014,2,147.9005087432112
2014-03-01,2014,3,155.91416047082546
2014-04-01,2014,4,154.79634409259617
2014-05-01,2014,5,152.96734601549545
2014-06-01,2014,6,144.37580333964
2014-07-01,2014,7,153.8047130815546
2014-08-01,2014,8,158.42032665505877
2014-09-01,2014,9,153.3433698056113
2014-10-01,2014,10,161.88132957749693
2014-11-01,2014,11,157.80773983228582
2014-12-01,2014,12,174.96921059286785
2015-01-01,2015,1,170.72632261999382
2015-02-01,2015,2,143.5732562582809
2015-03-01,2015,3,152.08838619700245
2015-04-01,2015,4,152.27614435750726
2015-05-01,2015,5,149.8248451116053
2015-06-01,2015,6,145.84416013524904
2015-07-01,2015,7,157.0831417103754
2015-08-01,2015,8,153.12947972364364
2015-09-01,2015,9,151.1412115005823
2015-10-01,2015,10,159.57068516223862
2015-11-01,2015,11,147.82555336195364
2015-12-01,2015,12,167.89552742907898
2016-01-01,2016,1,161.56749153180485
2016-02-01,2016,2,145.55406816575768
2016-03-01,2016,3,150.5358780672539
2016-04-01,2016,4,146.02073036551042
2016-05-01,2016,5,144.82764594719694
2016-06-01,2016,6,137.46678949048743
2016-07-01,2016,7,154.31949585077575
2016-08-01,2016,8,145.67216082498766
2016-09-01,2016,9,143.57067767193894
2016-10-01,2016,10,147.80396800626787
2016-11-01,2016,11,144.60149366370203
2016-12-01,2016,12,165.02205347401588
2017-01-01,2017,1,161.76428561975433
2017-02-01,2017,2,140.39176300360066
2017-03-01,2017,3,150.0949487383193
2017-04-01,2017,4,145.453190880559
2017-05-01,2017,5,146.57692942314085
2017-06-01,2017,6,142.83499405106858
2017-07-01,2017,7,158.30917797956752
2017-08-01,2017,8,148.49742122243458
2017-09-01,2017,9,151.2889115219351
2017-10-01,2017,10,153.97586948178954
2017-11-01,2017,11,148.44927512153598
2017-12-01,2017,12,168.72407473949457
2018-01-01,2018,1,165.98962769391844
2018-02-01,2018,2,141.19101709301967
2018-03-01,2018,3,153.4385913530763
2018-04-01,2018,4,149.52292933066653
2018-05-01,2018,5,126.48632459459544
2018-06-01,2018,6,137.5378316062622
2018-07-01,2018,7,155.69195680156358
2018-08-01,2018,8,149.182334902747
2018-09-01,2018,9,149.58817401715064
2018-10-01,2018,10,152.51782881300275
2018-11-01,2018,11,150.976889131807
2018-12-01,2018,12,169.33498996952835
2019-01-01,2019,1,170.56384181664953
2019-02-01,2019,2,141.11482386693206
2019-03-01,2019,3,153.2971643087261
2019-04-01,2019,4,149.84774783193083
2019-05-01,2019,5,149.05454515643478
2019-06-01,2019,6,143.79212031894355
2019-07-01,2019,7,159.64876679296108
2019-08-01,2019,8,152.54238596163805
2019-09-01,2019,9,155.04236995375433
2019-10-01,2019,10,161.94743217485694
2019-11-01,2019,11,155.7608693023426
2019-12-01,2019,12,171.44835127680835
2020-01-01,2020,1,170.29857568219637
2020-02-01,2020,2,146.9157123096114
2020-03-01,2020,3,123.82552428389636
2020-04-01,2020,4,82.39502662899147
2020-05-01,2020,5,95.66754069142804
2020-06-01,2020,6,110.27908221085399
2020-07-01,2020,7,129.27264611125997
2020-08-01,2020,8,134.6302706723778
2020-09-01,2020,9,145.6072422218188
2020-10-01,2020,10,156.0926784071221
2020-11-01,2020,11,148.41808355609177
2020-12-01,2020,12,162.35481324053615
2021-01-01,2021,1,155.0813533925046
2021-02-01,2021,2,136.67572966416265
2021-03-01,2021,3,127.10522741440867
2021-04-01,2021,4,123.33983116800822
2021-05-01,2021,5,139.16523970025625
2021-06-01,2021,6,135.89157401192438
2021-07-01,2021,7,152.49794080971532
2021-08-01,2021,8,147.69133536607723
2021-09-01,2021,9,148.80162566010856
2021-10-01,2021,10,152.9885711980661
2021-11-01,2021,11,150.94196386793587
2021-12-01,2021,12,169.70091118869487
2022-01-01,2022,1,154.85422202009534
2022-02-01,2022,2,140.96114731475365
2022-03-01,2022,3,155.35697131347467
2022-04-01,2022,4,150.78030682028592
2022-05-01,2022,5,149.7243172904589
2022-06-01,2022,6,142.59452883745382
2022-07-01,2022,7,163.94662265173633
2022-08-01,2022,8,155.63077521394197
2022-09-01,2022,9,153.99535413411382
2022-10-01,2022,10,158.38619863118265
2022-11-01,2022,11,151.54077531017262
2022-12-01,2022,12,171.71072346891603
2023-01-01,2023,1,173.894259188228
2023-02-01,2023,2,147.5431545973208
2023-03-01,2023,3,162.73263259287782
2023-04-01,2023,4,156.43980824605
2023-05-01,2023,5,158.5402954166202
2023-06-01,2023,6,153.83768600351684
2023-07-01,2023,7,170.50576436147247
2023-08-01,2023,8,162.54829630558734
2023-09-01,2023,9,164.61320327688233
2023-10-01,2023,10,164.90846981999388
2023-11-01,2023,11,163.3453654146323
2023-12-01,2023,12,182.98060284111529
2024-01-01,2024,1,179.3117273840001
2024-02-01,2024,2,157.48131879057033
2024-03-01,2024,3,166.60309503188392
2024-04-01,2024,4,161.01532357927547
2024-05-01,2024,5,162.6154746989395
2024-06-01,2024,6,160.42910375171633
2024-07-01,2024,7,178.18402458118334
2024-08-01,2024,8,168.96287806990608
2024-09-01,2024,9,167.77993628539815
2024-10-01,2024,10,171.69901803787465
2024-11-01,2024,11,168.86502073139894
2024-12-01,2024,12,183.56275711764522
2025-01-01,2025,1,183.8911935456367
2025-02-01,2025,2,159.09631313001972
2025-03-01,2025,3,170.52866640354515
2025-04-01,2025,4,167.85400734380013
2025-05-01,2025,5,168.13882419532592
2025-06-01,2025,6,161.8613546398383
2025-07-01,2025,7,180.31427138268933
2025-08-01,2025,8,173.10143256682883
2025-09-01,2025,9,171.66519333253947
2025-10-01,2025,10,178.2315465216912
2025-11-01,2025,11,172.64147287542445
2025-12-01,2025,12,190.12107571283818
2026-01-01,2026,1,186.64506026227156
2026-02-01,2026,2,161.53853140615405
2026-03-01,2026,3,173.34163641443212
2026-04-01,2026,4,173.26959544182546
2026-05-01,2026,5,171.75456865260188
2026-06-01,2026,6,163.50252125195684
2026-07-01,2026,7,181.6725433535038
2026-08-01,2026,8,177.7568255280492
