Trimestre,PIB_trim,Ano
199601,96.84,1996
199602,100.12,1996
199603,107.56,1996
199604,104.31,1996
199701,100.13,1997
199702,104.88,1997
199703,109.49,1997
199704,108.21,1997
199801,101.14,1998
199802,106.46,1998
199803,109.88,1998
199804,106.66,1998
199901,101.92,1999
199902,106.04,1999
199903,109.2,1999
199904,108.97,1999
200001,106.4,2000
200002,110.25,2000
200003,114.19,2000
200004,113.98,2000
200101,110.1,2001
200102,112.82,2001
200103,114.71,2001
200104,113.38,2001
200201,110.63,2002
200202,115.41,2002
200203,119.5,2002
200204,119.24,2002
200301,113.58,2003
200302,116.31,2003
200303,120.25,2003
200304,119.94,2003
200401,117.98,2004
200402,123.65,2004
200403,128.14,2004
200404,127.39,2004
200501,122.92,2005
200502,129.18,2005
200503,130.85,2005
200504,130.13,2005
200601,128.18,2006
200602,132.13,2006
200603,136.72,2006
200604,136.37,2006
200701,134.84,2007
200702,140.77,2007
200703,144.75,2007
200704,145.43,2007
200801,143.14,2008
200802,149.69,2008
200803,154.86,2008
200804,146.92,2008
200901,139.67,2009
200902,146.39,2009
200903,153.06,2009
200904,154.75,2009
201001,152.53,2010
201002,158.86,2010
201003,163.63,2010
201004,163.55,2010
201101,160.45,2011
201102,166.33,2011
201103,169.41,2011
201104,167.75,2011
201201,163.19,2012
201202,167.97,2012
201203,173.63,2012
201204,171.91,2012
201301,167.63,2013
201302,174.73,2013
201303,178.42,2013
201304,176.26,2013
201401,173.45,2014
201402,173.97,2014
201403,177.28,2014
201404,175.86,2014
201501,170.64,2015
201502,169.2,2015
201503,169.72,2015
201504,166.15,2015
201601,161.87,2016
201602,163.75,2016
201603,165.55,2016
201604,162.39,2016
201701,162.33,2017
201702,165.04,2017
201703,168.27,2017
201704,166.58,2017
201801,165.42,2018
201802,167.71,2018
201803,171.73,2018
201804,169.17,2018
201901,166.91,2019
201902,169.68,2019
201903,173.64,2019
201904,172.03,2019
202001,167.6,2020
202002,152.48,2020
202003,168.37,2020
202004,171.46,2020
202101,170.53,2021
202102,171.38,2021
202103,175.46,2021
202104,173.96,2021
202201,173.05,2022
202202,177.45,2022
202203,183.04,2022
202204,178.65,2022
202301,180.74,2023
202302,184.28,2023
202303,187.35,2023
202304,182.9,2023
202401,185.18,2024
202402,190.68,2024
202403,195.1,2024
202404,189.45,2024
202501,191.02,2025
202502,195.18,2025
202503,198.66,2025
202504,192.94,2025
202601,194.53,2026
202602,199.05,2026
